wave_id,pred_wait_time_ms
1,4.882022
2,4.9043446
3,4.925641
4,4.8510113
5,4.9162674
6,4.9142885
7,4.9160066
8,4.8993816
9,4.9020987
10,4.8853188
11,4.906831
12,4.8966713
13,4.8744164
14,4.919979
15,4.918647
16,4.9113374
17,4.909585
18,4.919162
19,4.91046
20,4.91313
